74f508268c09412bb3d173b6c241cbe9,2022-01-25T13:00:11.520Z,http://example.com/?url=012,user-022,DJ,Firefox,Android,406,0.7225
bbf7125dd01244a7aa1d61b42b105483,2022-01-25T13:00:37.440Z,http://example.com/?url=090,user-015,DJ,Firefox,windows,303,0.1839
9ad865545d2d47889ba819fc719aa8e3,2022-01-25T13:01:03.360Z,http://example.com/?url=111,user-005,ZM,Chrome,IOS,200,0.1227
491a40e840bb45ffac7266aaf720a7d4,2022-01-25T13:01:29.280Z,http://example.com/?url=076,user-062,BB,Chrome,Mac,510,0.9204
48e8f325f4b042d381338e67d60567cb,2022-01-25T13:01:55.200Z,http://example.com/?url=120,user-039,LU,Safari,Android,424,0.5493
16abb2e3b5ce4253a3c35384964d6244,2022-01-25T13:02:21.120Z,http://example.com/?url=026,user-080,GS,Safari,Linux,411,0.6784
9ef9bf05445c4faa8cf0dc51525f0880,2022-01-25T13:02:47.040Z,http://example.com/?url=167,user-024,ZA,Safari,Android,428,0.1417
1f42bbd5813f4b24b4859b1f2a3bfe53,2022-01-25T13:03:12.960Z,http://example.com/?url=107,user-094,NF,Edge,IOS,307,0.9898
d7f4d958b73041bf8a917030e889efdb,2022-01-25T13:03:38.880Z,http://example.com/?url=101,user-035,HM,Chrome,IOS,200,0.0448
21b164e575bd4397b8b265641584fb5b,2022-01-25T13:04:04.800Z,http://example.com/?url=096,user-038,DZ,Edge,IOS,402,0.1563
22c4bfaeb4044f949cc7330a691cd157,2022-01-25T13:04:30.720Z,http://example.com/?url=003,user-040,CR,Firefox,Linux,422,0.5201
11e89923cc214d889df8993e4c4806fb,2022-01-25T13:04:56.640Z,http://example.com/?url=125,user-039,OM,Chrome,IOS,100,0.9812
ac9d060dec784471a45affa695053d08,2022-01-25T13:05:22.560Z,http://example.com/?url=113,user-083,AW,Opera,Linux,208,0.6957
451fdb9d76784122a898d4f127fc01e8,2022-01-25T13:05:48.480Z,http://example.com/?url=047,user-053,AZ,Firefox,Linux,205,0.1707
959fa509ed4843718019728ee4803753,2022-01-25T13:59:48.480Z,http://example.com/?url=021,user-029,KI,IE,Android,203,0.7808
959fa509ed4843718019728ee4803753,2022-01-25T13:59:48.480Z,http://example.com/?url=021,user-029,KI,IE,Android,203,0.7808
89a323a6e0f84f47a04202d9e18099af,2022-01-25T14:00:14.400Z,http://example.com/?url=195,user-080,HT,Chrome,Mac,428,0.5135
93a4f1319ca04d4d89ab0b03b7753ea2,2022-01-25T14:00:40.320Z,http://example.com/?url=103,user-073,LB,Firefox,Mac,406,0.6003
21596d9e972b483086a3cb8c9314ae88,2022-01-25T14:01:06.240Z,http://example.com/?url=181,user-033,GN,Opera,Android,511,0.7724
4a33ec6aeca04843bc588050f5abe679,2022-01-25T14:01:32.160Z,http://example.com/?url=100,user-076,IN,Chrome,Linux,417,0.5940
fcb67a058b7b42d89153e5661ac037d1,2022-01-25T14:01:58.080Z,http://example.com/?url=100,user-046,BY,Chrome,windows,208,0.3070
6bba16a8e74e4d27916af89ac3c85a73,2022-01-25T14:02:24Z,http://example.com/?url=078,user-057,LC,Firefox,Mac,410,0.0689
cdf98c275e8b48019329c2e6057a3a13,2022-01-25T14:02:49.920Z,http://example.com/?url=133,user-093,ES,Safari,Mac,301,0.2689
508106a904204c4897fefb38ffa00c48,2022-01-25T14:03:15.840Z,http://example.com/?url=125,user-065,HR,Chrome,Linux,406,0.1969